{
	"type": "origins:stacking_status_effect",
	"condition": {
		"type": "origins:or",
		"conditions": [{
				"type": "origins:and",
				"conditions": [{
						"type": "origins:sneaking"
					},
					{
						"type": "origins:fall_flying"
					}
				]
			},
			{
				"type": "origins:and",
				"conditions": [{
						"type": "origins:sneaking",
						"inverted": true
					},
					{
						"type": "origins:fall_flying",
						"inverted": true
					}
				]
			}
		]
	},
	"min_stacks": 0,
	"max_stacks": 1,
	"duration_per_stack": 20,
	"effect": {
		"effect": "minecraft:slow_falling",
		"duration": 5,
		"amplifier": 1,
		"is_ambient": true,
		"show_particles": false,
		"show_icon": false
	},
	"hidden": false,
	"name":"Feather Falling",
	"description":"Fall slowly and gracefully. Hold shift to cancel."
}