{
	"type": "origins:restrict_armor",
	"hidden": true,
	"head": {
		"type": "origins:or",
		"inverted": true,
		"conditions": [{
				"type": "origins:armor_value",
				"comparison": "==",
				"compare_to": 0


			},
			{
				"type": "origins:ingredient",
				"ingredient": {
					"item": "minecraft:turtle_helmet"

				}
			},
			{
				"type": "origins:ingredient",
				"ingredient": {
					"item": "minecraft:chainmail_helmet"

				}
			},
			{
				"type": "origins:ingredient",
				"ingredient": {
					"item": "minecraft:leather_helmet"

				}
			},
			{
				"type": "origins:ingredient",
				"ingredient": {
					"item": "minecraft:carved_pumpkin"

				}
			}
		]
	},
	"chest": {
		"type": "origins:or",
		"inverted": true,
		"conditions": [{
				"type": "origins:armor_value",
				"comparison": "==",
				"compare_to": 0


			},
			{
				"type": "origins:ingredient",
				"ingredient": {
					"item": "minecraft:elytra"

				}
			},
			{
				"type": "origins:ingredient",
				"ingredient": {
					"item": "minecraft:chainmail_chestplate"

				}
			},
			{
				"type": "origins:ingredient",
				"ingredient": {
					"item": "minecraft:leather_chestplate"

				}
			}
		]
	},
	"legs": {
		"type": "origins:or",
		"inverted": true,
		"conditions": [{
				"type": "origins:ingredient",
				"ingredient": {
					"item": "minecraft:chainmail_leggings"

				}
			},
			{
				"type": "origins:ingredient",
				"ingredient": {
					"item": "minecraft:leather_leggings"

				}
			}
		]
	},
	"feet": {
		"type": "origins:or",
		"inverted": true,
		"conditions": [{
				"type": "origins:ingredient",
				"ingredient": {
					"item": "minecraft:leather_boots"

				}
			},
			{
				"type": "origins:ingredient",
				"ingredient": {
					"item": "minecraft:chainmail_boots"

				}
			}
		]
	}
}