{
	"type": "origins:action_over_time",
	"hidden":true,
	"interval": 20,
	"entity_action": {
		"type": "origins:if_else",
		"condition":{
			"type": "origins:and",
			"conditions": [
				{
					"type": "origins:on_block"
				}					
				]
					
					
				},
				"if_action":{

					"type": "origins:change_resource",
					"resource": "ender_dragon:sprint_track",
					"change": 100
				},
				"else_action": {
					"type": "origins:change_resource",
					"resource": "ender_dragon:sprint_track",
					"change": -1
				}
			
		}
}