{
  "type": "origins:multiple",
  "attribute_modifiers": {
      "type": "origins:attribute",
      "modifiers": [{
              "name": "Origin modifier",
              "attribute": "generic.attack_speed",
              "value": -0.25,
              "operation": "multiply_total"
          },
          {
              "name": "Origin modifier",
              "attribute": "reach-entity-attributes:attack_range",
              "value": -0.25,
              "operation": "multiply_total"
          }
      ]
  },
  "extras": {
      "type": "origins:modify_damage_taken",

      "modifier": {
          "name": "OW",
          "value": 0.5,
          "operation": "multiply_base"

      },
      "damage_condition": {
          "type": "origins:or",
          "conditions": [

              {
                  "type": "origins:name",
                  "name": "cactus"
              },
              {
                  "type": "origins:name",
                  "name": "sweetBerryBush"
              },
              {
                  "type": "origins:name",
                  "name": "thorns"
              }
          ]

      }
  },
  "hidden": "true"
}