{
    "type": "origins:restrict_armor",
    "head": {
      "type": "origins:armor_value",
      "comparison": ">",
      "compare_to": 1
    },
    "chest": {
      "type": "origins:armor_value",
      "comparison": ">",
      "compare_to": 3
    },
    "legs": {
      "type": "origins:armor_value",
      "comparison": ">",
      "compare_to": 2
    },
    "feet": {
      "type": "origins:armor_value",
      "comparison": ">",
      "compare_to": 1
    },
    "name": "Lightweight",
    "description": "To remain afloat, you can't have any armor weighing you down! You are unable to equip any armor above leather."
  }