{
	"name": "The Hunt Begins",
	"description": "When in cold biomes, you can periodically begin a hunt, where your movement speed is boosted at the thought of fresh meat.",
	"type": "origins:active_self",
	"entity_action": {
		"type": "origins:apply_effect",
		"effect": {
			"effect": "minecraft:speed",
			"duration": 400,
			"amplifier": 5
		}

	},
	"cooldown": 1200,
	"hud_render": {
		"should_render": "true",
		"sprite _locations": "origins:textures/gui/community/spiderkolo/resource_bar_02.png",
		"bar_index": "9"
	},
	"condition": {
		"type": "origins:or",
		"conditions": [{
				"type": "origins:biome",
				"biome": "minecraft:snowy_tundra"
			},
			{
				"type": "origins:biome",
				"biome": "minecraft:snowy_mountains"
			},
			{
				"type": "origins:biome",
				"biome": "minecraft:ice_spikes"
			},
			{
				"type": "origins:biome",
				"biome": "minecraft:snowy_taiga"
			},
			{
				"type": "origins:biome",
				"biome": "minecraft:snowy_taiga_hills"
			},
			{
				"type": "origins:biome",
				"biome": "minecraft:snowy_taiga_mountains"
			},
			{
				"type": "origins:biome",
				"biome": "minecraft:frozen_river"
			},
			{
				"type": "origins:biome",
				"biome": "minecraft:snowy_beach"
			},
			{
				"type": "origins:biome",
				"biome": "minecraft:frozen_ocean"
			}, {
				"type": "origins:biome",
				"biome": "minecraft:deep_frozen_ocean"

			}
		]
	}
}