{
    "type": "origins:stacking_status_effect",
    "condition": {
        "type": "origins:or",
        "conditions": [
            {
                "type": "origins:block_in_radius",
                "block_condition": {
                    "type": "origins:block",
                    "block": "minecraft:honeycomb_block"
                },
                "radius": 1.5,
                "inverted": false
            },
            {
                "type": "origins:block_in_radius",
                "block_condition": {
                    "type": "origins:block",
                    "block": "minecraft:honey_block"
                },
                "radius": 2,
                "inverted": false
            }
        ]
    },
    "min_stacks": 0,
    "max_stacks": 1,
    "duration_per_stack": 20,
    "effect":{
        "effect": "minecraft:speed",
        "duration": 100,
        "amplifier": 1,
        "is_ambient": true,
        "show_particles": false,
        "show_icon": true
    },
    "hidden": true,
    "name": "Hive Adept",
    "description": "You feel at home and walk faster on honey blocks and honeycomb blocks."
}