{
    "type": "origins:fire_projectile",
    "cooldown": 200,
    "hud_render": {
        "sprite_location": "origins:textures/gui/community/spiderkolo/resource_bar_01.png",
        "bar_index": 13
    },
    "entity_type": "potion",
    "speed": 0.5,
    "divergence": 1,
    "sound": "minecraft:block.honey_block.step",
    "tag": "{Item:{id:\"minecraft:honey_block\",Count:1b,tag:{Potion:\"minecraft:water\",CustomPotionColor:16763904,CustomPotionEffects:[{Id:2b,Amplifier:3b,Duration:80},{Id:23b,Amplifier:4b,Duration:40}]}}}",
    "name": "Healing Honey",
    "description": "You throw a glob of sticky, delicious honey that satiates and slows anyone it hits."
}