{
	"type": "origins:action_over_time",
	"interval": 10,
	"hidden": true,
	"entity_action": {
		"type": "origins:and",
		"actions": [{
				"type": "origins:change_resource",
				"resource": "origins:f",
				"change": -10
			},
			{
				"type": "origins:change_resource",
				"resource": "origins:g",
				"change": -10
			},
			{
				"type": "origins:if_else",
				"condition": {
					"type": "origins:resource",
					"resource": "origins:g",
					"comparison": ">",
					"compare_to": 10
				},
				"if_action": {
					"type": "origins:apply_effect",
					"effect": {
						"effect": "minecraft:weakness",
						"duration": 40,
						"amplifier": 2
					}
				}
			},
			{
				"type": "origins:if_else",
				"condition": {
					"type": "origins:resource",
					"resource": "origins:g",
					"comparison": ">",
					"compare_to": 10
				},
				"if_action": {
					"type": "origins:apply_effect",
					"effect": {
						"effect": "minecraft:hunger",
						"duration": 100,
						"amplifier": 29
					}
				}
			},
			{
				"type": "origins:if_else",
				"condition": {
					"type": "origins:resource",
					"resource": "origins:g",
					"comparison": ">",
					"compare_to": 10
				},
				"if_action": {
					"type": "origins:apply_effect",
					"effect": {
						"effect": "minecraft:slowness",
						"duration": 40,
						"amplifier": 2
					}
				}
			},
			{
				"type": "origins:if_else",
				"condition": {
					"type": "origins:resource",
					"resource": "origins:g",
					"comparison": ">",
					"compare_to": 10
				},
				"if_action": {
					"type": "origins:apply_effect",
					"effect": {
						"effect": "minecraft:nausea",
						"duration": 100,
						"amplifier": 1
					}
				}
			},
			{
				"type": "origins:if_else",
				"condition": {
					"type": "origins:resource",
					"resource": "origins:g",
					"comparison": ">",
					"compare_to": 10
				},
				"if_action": {
					"type": "origins:feed",
							"food": -1,
							"saturation": -2
				}
			},

			{
				"type": "origins:if_else",
				"condition": {
					"type": "origins:resource",
					"resource": "origins:f",
					"comparison": ">",
					"compare_to": 10
				},
				"if_action": {
					"type": "origins:and",
					"actions": [{
							"type": "origins:apply_effect",
							"effect": {
								"effect": "minecraft:speed",
								"duration": 40,
								"amplifier": 1
							}
						},
						{
							"type": "origins:apply_effect",
							"effect": {
								"effect": "minecraft:hunger",
								"duration": 60,
								"amplifier": 4
							}
						},
						{
							"type": "origins:apply_effect",
							"effect": {
								"effect": "minecraft:strength",
								"duration": 40,
								"amplifier": 0
							}
						},
						{
							"type": "origins:apply_effect",
							"effect": {
								"effect": "minecraft:haste",
								"duration": 40,
								"amplifier": 1
							}
						}
					]
				}
			},



			{
				"type": "origins:if_else",
				"condition": {
					"type": "origins:resource",
					"resource": "origins:f",
					"comparison": "==",
					"compare_to": 10
				},
				"if_action": {
					"type": "origins:and",
					"actions": [
						{
							"type": "origins:change_resource",
							"resource": "origins:g",
							"change": 300

						},
						{

							"type": "origins:execute_command",
							"command": "playsound minecraft:entity.cat.hurt player @a[distance=..50] ~ ~ ~ 1 1 1",
							"permission_level": 4
						}

					]


				}
			}

		]


	}

}