{
	"type": "origins:multiple",
	"hidden": true,

	"pog": {
		"type": "origins:swimming",
		"hidden": true,
		"name": "Magma Swim",
		"description": "Don't forget to wear magma cream, now.",
		"condition": {
			"type": "origins:fluid_height",
			"fluid": "minecraft:lava",
			"comparison": ">",
			"compare_to": 0.0
		}
	},
	"pog2": {
		"type": "origins:conditioned_attribute",
		"tick_rate": 5,
		"modifier": {
			"name": "Origin modifier",
			"attribute": "generic.movement_speed",
			"value": -0.95,
			"operation": "multiply_total"
		},
		"condition": {
			"type": "origins:and",
			"conditions": [{
					"type": "origins:fluid_height",
					"fluid": "minecraft:lava",
					"comparison": ">",
					"compare_to": 0.0
				},
				{
					"type": "origins:swimming"
				}
			]
		}
	}
}