{
  "type": "origins:restrict_armor",
  "head": {
    "type": "origins:armor_value",
    "comparison": ">",
    "compare_to": 2
  },
  "chest": {
	"type":"origins:or",
	"conditions":[
	{
    "type": "origins:armor_value",
    "comparison": ">",
    "compare_to": 5
	},
	{
	 "type": "origins:armor_value",
    "comparison": "==",
    "compare_to": 0
	}
	]
  },
  "legs": {
    "type": "origins:armor_value",
    "comparison": ">",
    "compare_to": 4
  },
  "feet": {
    "type": "origins:armor_value",
    "comparison": ">",
    "compare_to": 1
  }
}