{	"type": "origins:active_self",	"name": "Secondary: Boostmode",	"description": "By dashing and sprinting, you increase your BOOST. Keep sprinting and dashing and when the meter is full, press your secondary key to enter BOOST MODE! Quick dash recovery and buffs!",		"key": "secondary",		"entity_action": {		"type": "origins:if_else",		"condition": {			"type": "origins:resource",			"resource": "jet:sickomode",			"comparison": "==",			"compare_to": 700		},		"if_action": {		"type":"origins:and",		"actions":[		{			"type": "origins:change_resource",			"resource": "jet:toggle",			"change": 1		},		{			"type": "origins:execute_command",			"command": "effect clear @s",			"permission_level": 4		},		{			"type":"origins:execute_command",			"command":"playsound minecraft:block.beacon.power_select player @a[distance=..50] ~ ~ ~ 1",			"permission_level":4		}		]		}	},	"cooldown": 0,	"hud_render": {		"should_render": false,		"bar_index": 4	}}