{
	"type": "origins:active_self",
	"description": "Press your ability key to dash gracefully through the air!",
	"name": "Primary: Dash",

	"entity_action": {
		"type": "origins:if_else",
		"condition": {
			"type": "origins:and",
			"conditions": [{
					"type": "origins:resource",
					"resource": "jet:resource",
					"comparison": ">=",
					"compare_to": 25
				},
				{
					"type": "origins:resource",
					"resource": "jet:cutscene",
					"comparison": "==",
					"compare_to": 0
				}

			]
		},
		"if_action": {
			"type": "origins:and",
			"actions": [{
					"type": "origins:if_else",
					"condition": {
						"type": "origins:and",
						"conditions": [{
								"type": "origins:sprinting"
							},
							{
								"type": "origins:resource",
								"resource": "jet:toggle",
								"comparison": "==",
								"compare_to": 0
							},
							{
								"type": "origins:block_in_radius",
								"inverted": true,

								"block_condition": {
									"type": "origins:in_tag",
									"tag": "jet:seelookigotmydiamondtester"
								},
								"radius": 1.2,
								"shape": "cube",
								"comparison": ">",
								"compare_to": 0
							}


						]
					},
					"if_action": {
						"type": "origins:change_resource",
						"resource": "jet:sickomode",
						"change": 75
					}

				},
				{


					"type": "origins:change_resource",
					"resource": "jet:resource",
					"change": -25


				},
				{
					"type": "origins:if_else",
					"condition": {

						"type": "origins:attribute",
						"attribute": "minecraft:generic.armor",
						"comparison": ">",
						"compare_to": 10

					},
					"if_action": {
						"type": "origins:change_resource",
						"resource": "jet:resource",
						"change": -8
					}
				},
				{
					"type": "origins:if_else",
					"condition": {

						"type": "origins:attribute",
						"attribute": "minecraft:generic.armor",
						"comparison": ">",
						"compare_to": 15

					},
					"if_action": {
						"type": "origins:change_resource",
						"resource": "jet:resource",
						"change": -17
					}
				},
				{
					"type": "origins:if_else",
					"condition": {

						"type": "origins:attribute",
						"attribute": "minecraft:generic.armor",
						"comparison": ">",
						"compare_to": 20

					},
					"if_action": {
						"type": "origins:change_resource",
						"resource": "jet:resource",
						"change": -25
					}
				},
				{
					"type": "origins:if_else",
					"condition": {
						"type": "origins:equipped_item",
						"equipment_slot": "chest",
						"item_condition": {
							"type": "origins:ingredient",
							"ingredient": {
								"item": "minecraft:elytra"
							}

						}
					},
					"if_action": {
						"type": "origins:change_resource",
						"resource": "jet:resource",
						"change": -75
					}
				},
				{
					"type": "origins:if_else",
					"condition": {

						"type": "origins:attribute",
						"attribute": "minecraft:generic.armor",
						"comparison": ">=",
						"compare_to": 20

					},
					"if_action": {
						"type": "origins:change_resource",
						"resource": "jet:resource",
						"change": -35
					}
				},
				{
					"type": "origins:add_velocity",
					"z": 1,
					"space": "local"
				},
				{

					"type": "origins:exhaust",
					"amount": 1

				},
				{
					"type": "origins:apply_effect",
					"effect": {
						"effect": "minecraft:strength",
						"amplifier": 1,
						"duration": 10
					}
				},
				{
					"type": "origins:apply_effect",
					"effect": {
						"effect": "minecraft:speed",
						"amplifier": 1,
						"duration": 15
					}
				},
				{
					"type": "origins:apply_effect",
					"effect": {
						"effect": "minecraft:slow_falling",
						"amplifier": 1,
						"duration": 5
					}
				},
				{
					"type": "origins:exhaust",
					"amount": 0.75
				},
				{
					"type": "origins:execute_command",
					"command": "playsound minecraft:entity.shulker_bullet.hurt player @a[distance=..50] ~ ~ ~ 1",
					"permission_level": 4
				},
				{
					"type": "origins:execute_command",
					"command": "particle minecraft:explosion ~ ~ ~ 0.2 0.2 0.2 0.7 30 force",
					"permission_level": 4

				}
			]
		}

	},
	"cooldown": 0,
	"sound": "minecraft:entity.ender_dragon.flap",
	"hud_render": {
		"should_render": false,
		"bar_index": 4
	}
}