{
  "name": "Scales",
  "hidden":true,
  "description": "Your thick skin prevents against magic and normal damage, but prevents most armors from fitting.",
  "type": "origins:action_on_callback",
  "entity_action_respawned": {
    "type": "origins:and",
    "actions":
	[
		{
			"type": "origins:execute_command",
			"command": "function jet:first",
			"permission_level": 4
		},
		{
		"type": "origins:change_resource",
			"resource": "jet:sickomode",
			"change": -1000
		},
		{
		"type": "origins:change_resource",
			"resource": "jet:toggle",
			"change": -1000
		},
		{
			"type": "origins:change_resource",
			"resource": "jet:resource",
			"change": 1000
		},
		{
			"type": "origins:chance",
			"action": {
			"type": "origins:change_resource",
			"resource": "jet:cutscene",
			"change": 1
		},
			"chance": 0.001
			
			
		},
		{
			"type":"origins:if_else",
			"condition":{
				"type":"origins:resource",
				"resource":"jet:cutscene",
				"comparison":"==",
				"compare_to":1
			},
			"if_action":{
				"type":"origins:and",
				"actions":[
				{
					"type":"origins:execute_command",
					"command":"function jet:cutscene",
					"permission_level":4
				},
				{
					"type": "origins:change_resource",
					"resource": "jet:cutscene",
					"change": -2
					
				}
				
				]
				
			}
		}
	]
  }
}